"gene_id","log2FoldChange","pvalue","padj"
"GENE3",2.91522989652125,0.5,0.5
"GENE5",2.35755200461808,0.5,0.5
"GENE6",-2.30015910251727,0.5,0.5
"GENE1",1.4374558702103,0.5,0.5
"GENE9",1.14671526208529,0.5,0.5
"GENE2",-0.28317205140487,0.5,0.5
"GENE10",-0.202816882999687,0.5,0.5
"GENE7",0.191890332939104,0.5,0.5
"GENE8",0.0874628412503394,0.5,0.5
"GENE4",0.0860779391294779,0.5,0.5
