gene_id,coefficient
GENE3,0.3405956259900377
GENE9,0.3402300686640584
GENE5,0.3352848559296642
GENE1,0.3341969314173921
GENE7,0.28083729963303633
GENE4,0.27451237040674537
GENE8,0.21066165798808095
GENE10,-0.2913109697588446
GENE2,-0.30322828579738625
GENE6,-0.33580146759101664
